<?xml version="1.0" encoding="utf-8"?>
<edmx:Edmx Version="1.0"
    xmlns:edmx="http://schemas.microsoft.com/ado/2007/06/edmx"
    xmlns:m="http://schemas.microsoft.com/ado/2007/08/dataservices/metadata"
    xmlns:sap="http://www.sap.com/Protocols/SAPData">
    <edmx:Reference Uri="http://ingenx:3000/sap/opu/odata/IWFND/CATALOGSERVICE;v=2/Vocabularies(TechnicalName='%2FIWBEP%2FVOC_COMMON',Version='0001',SAP__Origin='')/$value"
        xmlns:edmx="http://docs.oasis-open.org/odata/ns/edmx">
        <edmx:Include Namespace="com.sap.vocabularies.Common.v1" Alias="Common"/>
    </edmx:Reference>
    <edmx:Reference Uri="http://ingenx:3000/sap/opu/odata/IWFND/CATALOGSERVICE;v=2/Vocabularies(TechnicalName='%2FIWBEP%2FVOC_CAPABILITIES',Version='0001',SAP__Origin='')/$value"
        xmlns:edmx="http://docs.oasis-open.org/odata/ns/edmx">
        <edmx:Include Namespace="Org.OData.Capabilities.V1" Alias="Capabilities"/>
    </edmx:Reference>
    <edmx:Reference Uri="http://ingenx:3000/sap/opu/odata/IWFND/CATALOGSERVICE;v=2/Vocabularies(TechnicalName='%2FIWBEP%2FVOC_COMMUNICATION',Version='0001',SAP__Origin='')/$value"
        xmlns:edmx="http://docs.oasis-open.org/odata/ns/edmx">
        <edmx:Include Namespace="com.sap.vocabularies.Communication.v1" Alias="Communication"/>
    </edmx:Reference>
    <edmx:Reference Uri="http://ingenx:3000/sap/opu/odata/IWFND/CATALOGSERVICE;v=2/Vocabularies(TechnicalName='%2FIWBEP%2FVOC_AGGREGATION',Version='0001',SAP__Origin='')/$value"
        xmlns:edmx="http://docs.oasis-open.org/odata/ns/edmx">
        <edmx:Include Namespace="Org.OData.Aggregation.V1" Alias="Aggregation"/>
    </edmx:Reference>
    <edmx:Reference Uri="http://ingenx:3000/sap/opu/odata/IWFND/CATALOGSERVICE;v=2/Vocabularies(TechnicalName='%2FIWBEP%2FVOC_PERSONALDATA',Version='0001',SAP__Origin='')/$value"
        xmlns:edmx="http://docs.oasis-open.org/odata/ns/edmx">
        <edmx:Include Namespace="com.sap.vocabularies.PersonalData.v1" Alias="PersonalData"/>
    </edmx:Reference>
    <edmx:DataServices m:DataServiceVersion="2.0">
        <Schema Namespace="ZBTP_NAUTI_VOY_DOC_UPD_CDS" xml:lang="en" sap:schema-version="1"
            xmlns="http://schemas.microsoft.com/ado/2008/09/edm">
            <EntityType Name="ZBTP_Nauti_Voy_DOC_UPDType" sap:label="voyage document uplaod" sap:content-version="1">
                <Key>
                    <PropertyRef Name="sl_no"/>
                    <PropertyRef Name="voyno"/>
                    <PropertyRef Name="filename"/>
                </Key>
                <Property Name="sl_no" Type="Edm.String" Nullable="false" MaxLength="2" sap:display-format="NonNegative" sap:label="Two-digit number" sap:quickinfo="Two digit number"/>
                <Property Name="voyno" Type="Edm.String" Nullable="false" MaxLength="20" sap:display-format="UpperCase" sap:label="Voyage No" sap:quickinfo="Voyage Number"/>
                <Property Name="filename" Type="Edm.String" Nullable="false" MaxLength="100" sap:display-format="UpperCase" sap:label="" sap:quickinfo="Character 100"/>
                <Property Name="file_content" Type="Edm.Binary" sap:label="DE file"/>
            </EntityType>
            <EntityContainer Name="ZBTP_NAUTI_VOY_DOC_UPD_CDS_Entities" m:IsDefaultEntityContainer="true" sap:message-scope-supported="true" sap:supported-formats="atom json xlsx">
                <EntitySet Name="ZBTP_Nauti_Voy_DOC_UPD" EntityType="ZBTP_NAUTI_VOY_DOC_UPD_CDS.ZBTP_Nauti_Voy_DOC_UPDType" sap:content-version="1"/>
            </EntityContainer>
            <Annotations Target="ZBTP_NAUTI_VOY_DOC_UPD_CDS.ZBTP_NAUTI_VOY_DOC_UPD_CDS_Entities"
                xmlns="http://docs.oasis-open.org/odata/ns/edm">
                <Annotation Term="Aggregation.ApplySupported">
                    <Record>
                        <PropertyValue Property="Transformations">
                            <Collection>
                                <String>aggregate</String>
                                <String>groupby</String>
                                <String>filter</String>
                            </Collection>
                        </PropertyValue>
                        <PropertyValue Property="Rollup" EnumMember="None"/>
                    </Record>
                </Annotation>
            </Annotations>
            <atom:link rel="self" href="http://ingenx:3000/sap/opu/odata/sap/ZBTP_NAUTI_VOY_DOC_UPD_CDS/$metadata"
                xmlns:atom="http://www.w3.org/2005/Atom"/>
                <atom:link rel="latest-version" href="http://ingenx:3000/sap/opu/odata/sap/ZBTP_NAUTI_VOY_DOC_UPD_CDS/$metadata"
                    xmlns:atom="http://www.w3.org/2005/Atom"/>
                </Schema>
            </edmx:DataServices>
        </edmx:Edmx>