<?xml version="1.0" encoding="utf-8"?>
<edmx:Edmx Version="1.0"
    xmlns:edmx="http://schemas.microsoft.com/ado/2007/06/edmx"
    xmlns:m="http://schemas.microsoft.com/ado/2007/08/dataservices/metadata"
    xmlns:sap="http://www.sap.com/Protocols/SAPData">
    <edmx:Reference Uri="http://35.185.33.183:8001/sap/opu/odata/IWFND/CATALOGSERVICE;v=2/Vocabularies(TechnicalName='%2FIWBEP%2FVOC_COMMON',Version='0001',SAP__Origin='')/$value"
        xmlns:edmx="http://docs.oasis-open.org/odata/ns/edmx">
        <edmx:Include Namespace="com.sap.vocabularies.Common.v1" Alias="Common"/>
    </edmx:Reference>
    <edmx:Reference Uri="http://35.185.33.183:8001/sap/opu/odata/IWFND/CATALOGSERVICE;v=2/Vocabularies(TechnicalName='%2FIWBEP%2FVOC_CAPABILITIES',Version='0001',SAP__Origin='')/$value"
        xmlns:edmx="http://docs.oasis-open.org/odata/ns/edmx">
        <edmx:Include Namespace="Org.OData.Capabilities.V1" Alias="Capabilities"/>
    </edmx:Reference>
    <edmx:Reference Uri="http://35.185.33.183:8001/sap/opu/odata/IWFND/CATALOGSERVICE;v=2/Vocabularies(TechnicalName='%2FIWBEP%2FVOC_COMMUNICATION',Version='0001',SAP__Origin='')/$value"
        xmlns:edmx="http://docs.oasis-open.org/odata/ns/edmx">
        <edmx:Include Namespace="com.sap.vocabularies.Communication.v1" Alias="Communication"/>
    </edmx:Reference>
    <edmx:Reference Uri="http://35.185.33.183:8001/sap/opu/odata/IWFND/CATALOGSERVICE;v=2/Vocabularies(TechnicalName='%2FIWBEP%2FVOC_AGGREGATION',Version='0001',SAP__Origin='')/$value"
        xmlns:edmx="http://docs.oasis-open.org/odata/ns/edmx">
        <edmx:Include Namespace="Org.OData.Aggregation.V1" Alias="Aggregation"/>
    </edmx:Reference>
    <edmx:Reference Uri="http://35.185.33.183:8001/sap/opu/odata/IWFND/CATALOGSERVICE;v=2/Vocabularies(TechnicalName='%2FIWBEP%2FVOC_PERSONALDATA',Version='0001',SAP__Origin='')/$value"
        xmlns:edmx="http://docs.oasis-open.org/odata/ns/edmx">
        <edmx:Include Namespace="com.sap.vocabularies.PersonalData.v1" Alias="PersonalData"/>
    </edmx:Reference>
    <edmx:DataServices m:DataServiceVersion="2.0">
        <Schema Namespace="ZBTP_NAUTI_CREATEVOYAGE_CDS" xml:lang="en" sap:schema-version="1"
            xmlns="http://schemas.microsoft.com/ado/2008/09/edm">
            <EntityType Name="ZBTP_NAUTI_CreateVoyageType" sap:label="CreateVoyage" sap:content-version="1">
                <Key>
                    <PropertyRef Name="Vlegn"/>
                </Key>
                <Property Name="Vlegn" Type="Edm.String" Nullable="false" MaxLength="10" sap:display-format="NonNegative" sap:label="LegID" sap:quickinfo="Unique leg under a Voyage"/>
                <Property Name="Portc" Type="Edm.String" MaxLength="10" sap:display-format="UpperCase" sap:label="Port Code" sap:quickinfo="Unified Port Code - Unique"/>
                <Property Name="Portn" Type="Edm.String" MaxLength="25" sap:label="Port Name"/>
                <Property Name="Pdist" Type="Edm.Decimal" Precision="13" Scale="3" sap:label="Distance" sap:quickinfo="The Post Master Fetched Using External API"/>
                <Property Name="Medst" Type="Edm.String" MaxLength="3" sap:label="Distance UoM" sap:quickinfo="Distance Unit of Measure" sap:semantics="unit-of-measure"/>
                <Property Name="Vspeed" Type="Edm.Decimal" Precision="17" Scale="3" sap:label="Speed" sap:quickinfo="The Speed From Vessel Master/Manual Input"/>
                <Property Name="Ppdays" Type="Edm.Decimal" Precision="6" Scale="3" sap:label="Port Days" sap:quickinfo="Propsed From Historic Data/Manual Input"/>
                <Property Name="Vsdays" Type="Edm.Decimal" Precision="7" Scale="3" sap:label="Sea Days" sap:quickinfo="Proposed From Historic Data/Manual Input"/>
                <Property Name="Vetad" Type="Edm.DateTime" Precision="0" sap:display-format="Date" sap:label="ETA" sap:quickinfo="Calculated Based on ETA"/>
                <Property Name="Vetat" Type="Edm.Time" Precision="0" sap:label="Time" sap:quickinfo="Calculated Based On ETD"/>
                <Property Name="Vetdd" Type="Edm.DateTime" Precision="0" sap:display-format="Date" sap:label="ETD" sap:quickinfo="Manual Entry"/>
                <Property Name="Vetdt" Type="Edm.Time" Precision="0" sap:label="Time" sap:quickinfo="Voyage Acutal Time"/>
                <Property Name="Vwead" Type="Edm.String" MaxLength="10" sap:display-format="UpperCase" sap:label="Weather Delay .Sea" sap:quickinfo="Caluclated from Weather Service else Manual Entry"/>
                <Property Name="Pstat" Type="Edm.String" MaxLength="5" sap:display-format="UpperCase" sap:label="Status" sap:quickinfo="In Planning, Vetting In Progress, Vetting Complted"/>
                <Property Name="Matnr" Type="Edm.String" MaxLength="40" sap:display-format="UpperCase" sap:label="Material" sap:quickinfo="Material Number"/>
                <Property Name="Maktx" Type="Edm.String" MaxLength="40" sap:label="Material description"/>
                <Property Name="Cargs" Type="Edm.Decimal" Precision="12" Scale="0" sap:label="Cargo size"/>
                <Property Name="Cargu" Type="Edm.String" MaxLength="3" sap:label="Base Unit of Measure" sap:semantics="unit-of-measure"/>
                <Property Name="Othco" Type="Edm.Decimal" Precision="24" Scale="3" sap:label="Total Cost"/>
                <Property Name="Frcost" Type="Edm.Decimal" Precision="24" Scale="3" sap:label="Total Cost"/>
                <Property Name="Totco" Type="Edm.Decimal" Precision="24" Scale="3" sap:label="Total Cost"/>
            </EntityType>
            <EntityContainer Name="ZBTP_NAUTI_CREATEVOYAGE_CDS_Entities" m:IsDefaultEntityContainer="true" sap:message-scope-supported="true" sap:supported-formats="atom json xlsx">
                <EntitySet Name="ZBTP_NAUTI_CreateVoyage" EntityType="ZBTP_NAUTI_CREATEVOYAGE_CDS.ZBTP_NAUTI_CreateVoyageType" sap:content-version="1"/>
            </EntityContainer>
            <Annotations Target="ZBTP_NAUTI_CREATEVOYAGE_CDS.ZBTP_NAUTI_CREATEVOYAGE_CDS_Entities"
                xmlns="http://docs.oasis-open.org/odata/ns/edm">
                <Annotation Term="Aggregation.ApplySupported">
                    <Record>
                        <PropertyValue Property="Transformations">
                            <Collection>
                                <String>aggregate</String>
                                <String>groupby</String>
                                <String>filter</String>
                            </Collection>
                        </PropertyValue>
                        <PropertyValue Property="Rollup" EnumMember="None"/>
                    </Record>
                </Annotation>
            </Annotations>
            <atom:link rel="self" href="http://35.185.33.183:8001/sap/opu/odata/sap/ZBTP_NAUTI_CREATEVOYAGE_CDS/$metadata"
                xmlns:atom="http://www.w3.org/2005/Atom"/>
                <atom:link rel="latest-version" href="http://35.185.33.183:8001/sap/opu/odata/sap/ZBTP_NAUTI_CREATEVOYAGE_CDS/$metadata"
                    xmlns:atom="http://www.w3.org/2005/Atom"/>
                </Schema>
            </edmx:DataServices>
        </edmx:Edmx>