<core:FragmentDefinition xmlns:form="sap.ui.layout.form"
xmlns="sap.m"
xmlns:core="sap.ui.core" xmlns:mvc="sap.ui.core.mvc">
<Dialog
        id="material"
        noDataText="No Products Found"
        title="Account no of vendor or creditor"
        search="onValueHelpSearchmat"
        confirm="onValueHelpClosemat"
        cancel="onValueHelpClosemat"
        contentWidth="60%"
        contentHeight="65%"
        titleAlignment="Center"
        items="">
 
        <IconTabBar
        id="idIconTabBar"
        select=".onFilterSelect"
        class="sapUiResponsiveContentPadding" >
        <items>
            <IconTabSeparator />
            <IconTabFilter
               
                iconColor="Negative"
                count="{/ProductCollectionStats/Counts/Weight/Ok}"
                text="A:Suppliers(General)"
                key="Ok" >
            <form:SimpleForm  editable="true">
            <Label text="Search Term"></Label>
            <!-- <MultiInput required="true" showValueHelp="true" width="100px"  valueHelpRequest="showVendorNoDialog2"></MultiInput> -->
            <Input id="searchInput1"  required="true" showValueHelp="true" width="100px"  valueHelpRequest="showVendorNoDialog2" ></Input>
             <Label text="Country"></Label>
              <Input id="countrybtn1"  width="100px" required="true" showValueHelp="true" valueHelpRequest="CountryDialogue"></Input>
               <Label text="Postal Code"></Label>
                        <Input  width="100px" ></Input>
                         <Label text="City" ></Label>
                        <Input  width="150px" ></Input>
                        <Label text="Name"></Label>
                        <Input  width="100px"></Input>
                        <Label text="Vendor"></Label>
                        <Input  width="100px"></Input>
                        <Label text="Delition Flag"></Label>
                        <Input id="delitionSupplier" width="100px" required="true" showValueHelp="true" valueHelpRequest="delitionSupplierDialog" ></Input>
                        <Label text="Maximum No Of Hits"></Label>
                        <Input  width="100px"></Input>

            </form:SimpleForm>
                    <Button text="Close" type="Reject" press="onClose" class="closeBtn"></Button>
                     <Button text="Ok" type="Reject" press="onOkk" class="okBtn"></Button>
                     <Button text="Select Multiple" press="showVendorNoDialog2" class="selectBtn"></Button>
               
            </IconTabFilter>
            <IconTabSeparator />
 
            <IconTabFilter
               
                iconColor="Negative"
 
                count="{/ProductCollectionStats/Counts/Weight/Heavy}"
                text="Suppliers by country"
                key="Heavy" >

          <form:SimpleForm  editable="true">
            <Label text="Country"></Label>
            <Input id="CountryInp1" required="true" showValueHelp="true" width="100px"  valueHelpRequest="showVendorNoDialog3"></Input>
             <Label text="City"></Label>
              <Input width="100px"></Input>
               <Label text="Search Term__ "></Label>
                        <Input  width="100px" ></Input>
                         <Label text="Name" ></Label>
                        <Input  width="150px" ></Input>
                       
                        <Label text="Vendor"></Label>
                        <Input  width="100px"></Input>
                        <Label text="Company Code"></Label>
                        <Input id="CoCd1" width="100px" required="true" showValueHelp="true" valueHelpRequest="showVendorNoDialog5"></Input>
                        <Label text="Maximum No Of Hits"></Label>
                        <Input  width="100px"></Input>

            </form:SimpleForm>

                   <Button text="Close" type="Reject" press="onClose" class="closeBtn"></Button>
                   <Button text="Ok" type="Reject" press="onOkk" class="okBtn"></Button>
                     <Button text="Select Multiple" press="showVendorNoDialog3" class="selectBtn"></Button>
                  
                        </IconTabFilter>
                    <IconTabSeparator />

            <IconTabFilter
               
                iconColor="Negative"
                count="{/ProductCollectionStats/Counts/Weight/Overweight}"
                text="Suppliers by Company"
                key="Overweight" >
                   
      <form:SimpleForm  editable="true">
            <Label text="Search Term"></Label>
            <Input id="vendor12" required="true" showValueHelp="true" width="100px"  valueHelpRequest="showVendorNoDialog4"></Input>
             <Label text="Country"></Label>
              <Input id="CountryCompany" width="100px" required="true" showValueHelp="true"  valueHelpRequest="CountryCompanyDialog"></Input>
               <Label text="Postal Code"></Label>
                        <Input  width="100px" ></Input>
                         <Label text="City" ></Label>
                        <Input  width="150px" ></Input>
                        <Label text="Name"></Label>
                        <Input  width="100px"></Input>
                        <Label text="Vendor"></Label>
                        <Input  width="100px"></Input>
                        <Label text="Delition Flag"></Label>
                        <Input id="DilitionCompany" width="100px" required="true" showValueHelp="true"   valueHelpRequest="DilitionCompanyDialog" ></Input>
                        <Label text="Maximum No Of Hits"></Label>
                        <Input  width="100px"></Input>

            </form:SimpleForm>
                    <Button text="Close" type="Reject" press="onClose" class="closeBtn"></Button>
                    <Button text="Ok" type="Reject" press="onOkk" class="okBtn"></Button>
                     <Button text="Select Multiple" press="showVendorNoDialog2" class="selectBtn"></Button>
                    
                        </IconTabFilter>
                        <IconTabSeparator />
        </items>
        <content>
           
        </content>
        
    </IconTabBar>
   
 
    </Dialog>
   
 
</core:FragmentDefinition>