<core:FragmentDefinition
        xmlns="sap.m"
        xmlns:core="sap.ui.core">
    <Menu id="_IDGenMenu1">
        <MenuItem id="_IDGenMenuItem1" text="Table View">
        <items>
            <MenuItem text="Other View"></MenuItem>
            <MenuItem text="Display->Change"></MenuItem>
            <MenuItem text="Change->Display"></MenuItem>
            <MenuItem text="Save"></MenuItem>
            <MenuItem text="Transport"></MenuItem>
            <MenuItem text="Print"></MenuItem>
            <MenuItem text="Exit"></MenuItem>
        </items>
        </MenuItem>
        <MenuItem text="Edit">
        <items>
            <MenuItem text="New Entries"></MenuItem>
            <MenuItem text="Selections">
            <items>
                <MenuItem text="Select All"></MenuItem>
                <MenuItem text="Deselect All"></MenuItem>
                <MenuItem text="Select Block"></MenuItem>
            </items>
            </MenuItem>
            <MenuItem text="Delete"></MenuItem>
            <MenuItem text="Copy As"></MenuItem>
            <MenuItem text="Change Field Contents"/>
            <MenuItem text="BC Set">
            <items>
                <MenuItem text="BC Set: Change Field Values"></MenuItem>
                <MenuItem text="BC Set: Field Values Origin"></MenuItem>
            </items>
            </MenuItem>
            <MenuItem text="Undo Changes"></MenuItem>
            <MenuItem text="Define Validity"></MenuItem>
            <MenuItem text="Expand->Collapse"></MenuItem>
            <MenuItem text="Transport"></MenuItem>
            <MenuItem text="Cancel"></MenuItem>
        </items>
        </MenuItem>
        <MenuItem text="Goto">
        <items>
            <MenuItem text="Details"></MenuItem>
            <MenuItem text="Next Entry"></MenuItem>
            <MenuItem text="Previous Entry"></MenuItem>
            <MenuItem text="Position Cursor"></MenuItem>
            <MenuItem text="Translation"></MenuItem>
            <MenuItem text="Address"></MenuItem>
            <MenuItem text="Form"></MenuItem>
            <MenuItem text="Back"></MenuItem>
        </items>
        </MenuItem>
        <MenuItem text="Selection">
        <items>
            <MenuItem text="By Contents"></MenuItem>
            <MenuItem text="All Selected Entries"></MenuItem>
            <MenuItem text="All Changed Entries"></MenuItem>
            <MenuItem text="All New Entries"></MenuItem>
            <MenuItem text="Display Deleted Entries"></MenuItem>
            <MenuItem text="All Entries in Request"></MenuItem>
            <MenuItem text="All Entries Not in Request"></MenuItem>
            <MenuItem text="All from BC Set"></MenuItem>
        </items>
        </MenuItem>
        <MenuItem text="Utilities">
        <items>
            <MenuItem text="Adjustment"></MenuItem>
            <MenuItem text="Display BC Set"></MenuItem>
            <MenuItem text="Change Logs"></MenuItem>
            <MenuItem text="Change Request(Organizer)"></MenuItem>
            <MenuItem text="Choose Languages"></MenuItem>
            <MenuItem text="UserInstructions"></MenuItem>
        </items>
        </MenuItem>
        <MenuItem id="_IDGenMenuItem2" text="System">
            <items>
                <MenuItem id="_IDGenMenuItem3" text="Close Gui Window"/>
                <MenuItem id="_IDGenMenuItem4" text="User Profile">
                <items>
                    <MenuItem id="_IDGenMenuItem5" text="Hold Data" enabled="false"/>
                    <MenuItem text="Set Data" enabled="false"/>
                    <MenuItem text="Delete Data" enabled="false"/>
                    <MenuItem text="Expand Favourites"/>
                </items>
                </MenuItem>
                <MenuItem text="Services">
                <items>
                    <MenuItem text="Reporting"></MenuItem>
                    <MenuItem text="QuickViewer"></MenuItem>
                    <MenuItem text="Table Maintainance">
                    <items>
                        <MenuItem text="Extended Table Maintainance"></MenuItem>
                        <MenuItem text="View Cluster Maintainance"></MenuItem>
                    </items>
                    </MenuItem>
                    <MenuItem text="Batch Input">
                    <items>
                        <MenuItem text="Sessions"></MenuItem>
                        <MenuItem text="Log"></MenuItem>
                        <MenuItem text="Recorder"></MenuItem>
                        <MenuItem text="Restart Transaction"></MenuItem>
                        <MenuItem text="Delete Transaction"></MenuItem>
                        <MenuItem text="Next Transaction"></MenuItem>
                        <MenuItem text="Process in Foreground" enabled="false"></MenuItem>
                        <MenuItem text="Display Errors Only" enabled="false"></MenuItem>
                        <MenuItem text="Expert Mode On" enabled="false"></MenuItem>
                        <MenuItem text="Expert Mode Off" enabled="false"></MenuItem>
                        <MenuItem text="Cancel" enabled="false"></MenuItem>
                    </items>
                    </MenuItem>
                    <MenuItem text="Fast Entry">
                    <items>
                        <MenuItem text="Recorder"></MenuItem>
                        <MenuItem text="Process in Foreground" enabled="false"></MenuItem>
                        <MenuItem text="Display Errors Only" enabled="false"></MenuItem>
                        <MenuItem text="Cancel" enabled="false"></MenuItem>
                    </items>
                    </MenuItem>
                    <MenuItem text="Jobs">
                    <items>
                        <MenuItem text="Define Job"></MenuItem>
                        <MenuItem text="Job OverView"></MenuItem>
                    </items>
                    </MenuItem>
                    <MenuItem text="Queue"></MenuItem>
                    <MenuItem text="SAP Service"></MenuItem>
                </items>
                </MenuItem>
                <MenuItem text="Utilities">
                <items>
                    <MenuItem text="Debug Dynpro"></MenuItem>
                    <MenuItem text="Debug ABAP"></MenuItem>
                    <MenuItem text="Debug System"></MenuItem>
                    <MenuItem text="Resource Usage"></MenuItem>
                    <MenuItem text="Autom. Queue Synchronus Processing"></MenuItem>
                    <MenuItem text="Performance Trace"></MenuItem>
                    <MenuItem text="Context Trace"></MenuItem>
                    <MenuItem text="Runtime Analysis">
                    <items>
                        <MenuItem text="Execute"></MenuItem>
                        <MenuItem text="Switch On"></MenuItem>
                        <MenuItem text="Switch Off"></MenuItem>
                    </items>
                    </MenuItem>
                    <MenuItem text="Display Authorization Check"></MenuItem>
                    <MenuItem text="Menory Analysis">
                    <items>
                        <MenuItem text="Create Memory Snapshot"></MenuItem>
                    </items>
                    </MenuItem>
                </items>
                </MenuItem>
                <MenuItem text="List" enabled="false">
                <items>
                    <MenuItem text=" "></MenuItem>
                </items>
                </MenuItem>
                <MenuItem text="Services for Object"></MenuItem>
                <MenuItem text="My Objects">
                <items>
                    <MenuItem text="Object History"></MenuItem>
                    <MenuItem text="Edit Objects"></MenuItem>
                </items>
                </MenuItem>
                <MenuItem text="Status"></MenuItem>
                <MenuItem text="Log Off"></MenuItem>
            </items>
        </MenuItem>
        <MenuItem id="_IDGenMenuItem10" text="Help">
                <items>
                    <MenuItem id="_IDGenMenuItem11" text="Product Assistance"/>
                    <MenuItem id="_IDGenMenuItem12" text="SAP Help Portal"/>
                    <MenuItem id="_IDGenMenuItem13" text="Release Notes"/>
                    <MenuItem id="_IDGenMenuItem14" text="SAP Suport Portal"/>
                    <MenuItem id="_IDGenMenuItem15" text="Settings"/>
                </items>
        </MenuItem>
        <MenuItem id="_IDGenMenuItem16" text="Gui Action and Settings"/>
    </Menu>
</core:FragmentDefinition>