<core:FragmentDefinition
        xmlns="sap.m"
        xmlns:core="sap.ui.core">
    <Menu id="_IDGenMenu1">
        <MenuItem text="Execute and Print"/>
        <MenuItem text="Cancel"/>
        <MenuItem id="_IDGenMenuItem1" text="Program">
        <items>
            <MenuItem text="Execute"></MenuItem>
            <MenuItem text="Execute and Print"></MenuItem>
            <MenuItem text="Execute in Background"></MenuItem>
            <MenuItem text="Exit"></MenuItem>
        </items>
        </MenuItem>
        <MenuItem text="Edit">
        <items>
            <MenuItem text="All Selections"></MenuItem>
            <MenuItem text="Chosen Selections"></MenuItem>
            <MenuItem text="Selection Options"></MenuItem>
            <MenuItem text="Delete Selection Row"></MenuItem>
            <MenuItem text="Delete All Selections"></MenuItem>
            <MenuItem text="Dynamic Selections"></MenuItem>
            <MenuItem text="Exit"></MenuItem>
        </items>
        </MenuItem>
        <MenuItem text="Goto">
        <items>
            <MenuItem text="Variants">
            <items>
                <MenuItem text="Get"></MenuItem>
                <MenuItem text="Display"></MenuItem>
                <MenuItem text="Delete"></MenuItem>
                <MenuItem text="Save as Variant"></MenuItem>
            </items>
            </MenuItem>
            <MenuItem text="User Variables"></MenuItem>
            <MenuItem text="Selection Screen Help"></MenuItem>
            <MenuItem text="Back"></MenuItem>
        </items>
        </MenuItem>
        <MenuItem id="_IDGenMenuItem2" text="System">
            <items>
                <MenuItem id="_IDGenMenuItem3" text="Close Gui Window"/>
                <MenuItem id="_IDGenMenuItem4" text="User Profile">
                <items>
                    <MenuItem id="_IDGenMenuItem5" text="Hold Data" enabled="false"/>
                    <MenuItem text="Set Data" enabled="false"/>
                    <MenuItem text="Delete Data" enabled="false"/>
                    <MenuItem text="Expand Favourites"/>
                </items>
                </MenuItem>
                <MenuItem text="Services">
                <items>
                    <MenuItem text="Reporting"></MenuItem>
                    <MenuItem text="QuickViewer"></MenuItem>
                    <MenuItem text="Table Maintainance">
                    <items>
                        <MenuItem text="Extended Table Maintainance"></MenuItem>
                        <MenuItem text="View Cluster Maintainance"></MenuItem>
                    </items>
                    </MenuItem>
                    <MenuItem text="Batch Input">
                    <items>
                        <MenuItem text="Sessions"></MenuItem>
                        <MenuItem text="Log"></MenuItem>
                        <MenuItem text="Recorder"></MenuItem>
                        <MenuItem text="Restart Transaction"></MenuItem>
                        <MenuItem text="Delete Transaction"></MenuItem>
                        <MenuItem text="Next Transaction"></MenuItem>
                        <MenuItem text="Process in Foreground" enabled="false"></MenuItem>
                        <MenuItem text="Display Errors Only" enabled="false"></MenuItem>
                        <MenuItem text="Expert Mode On" enabled="false"></MenuItem>
                        <MenuItem text="Expert Mode Off" enabled="false"></MenuItem>
                        <MenuItem text="Cancel" enabled="false"></MenuItem>
                    </items>
                    </MenuItem>
                    <MenuItem text="Fast Entry">
                    <items>
                        <MenuItem text="Recorder"></MenuItem>
                        <MenuItem text="Process in Foreground" enabled="false"></MenuItem>
                        <MenuItem text="Display Errors Only" enabled="false"></MenuItem>
                        <MenuItem text="Cancel" enabled="false"></MenuItem>
                    </items>
                    </MenuItem>
                    <MenuItem text="Jobs">
                    <items>
                        <MenuItem text="Define Job"></MenuItem>
                        <MenuItem text="Job OverView"></MenuItem>
                    </items>
                    </MenuItem>
                    <MenuItem text="Queue"></MenuItem>
                    <MenuItem text="SAP Service"></MenuItem>
                </items>
                </MenuItem>
                <MenuItem text="Utilities">
                <items>
                    <MenuItem text="Debug Dynpro"></MenuItem>
                    <MenuItem text="Debug ABAP"></MenuItem>
                    <MenuItem text="Debug System"></MenuItem>
                    <MenuItem text="Resource Usage"></MenuItem>
                    <MenuItem text="Autom. Queue Synchronus Processing"></MenuItem>
                    <MenuItem text="Performance Trace"></MenuItem>
                    <MenuItem text="Context Trace"></MenuItem>
                    <MenuItem text="Runtime Analysis">
                    <items>
                        <MenuItem text="Execute"></MenuItem>
                        <MenuItem text="Switch On"></MenuItem>
                        <MenuItem text="Switch Off"></MenuItem>
                    </items>
                    </MenuItem>
                    <MenuItem text="Display Authorization Check"></MenuItem>
                    <MenuItem text="Menory Analysis">
                    <items>
                        <MenuItem text="Create Memory Snapshot"></MenuItem>
                    </items>
                    </MenuItem>
                </items>
                </MenuItem>
                <MenuItem text="List" enabled="false">
                <items>
                    <MenuItem text=" "></MenuItem>
                </items>
                </MenuItem>
                <MenuItem text="Services for Object"></MenuItem>
                <MenuItem text="My Objects">
                <items>
                    <MenuItem text="Object History"></MenuItem>
                    <MenuItem text="Edit Objects"></MenuItem>
                </items>
                </MenuItem>
                <MenuItem text="Status"></MenuItem>
                <MenuItem text="Log Off"></MenuItem>
            </items>
        </MenuItem>
        <MenuItem id="_IDGenMenuItem10" text="Help">
                <items>
                    <MenuItem id="_IDGenMenuItem11" text="Product Assistance"/>
                    <MenuItem id="_IDGenMenuItem12" text="SAP Help Portal"/>
                    <MenuItem id="_IDGenMenuItem13" text="Release Notes"/>
                    <MenuItem id="_IDGenMenuItem14" text="SAP Suport Portal"/>
                    <MenuItem id="_IDGenMenuItem15" text="Settings"/>
                </items>
        </MenuItem>
        <MenuItem id="_IDGenMenuItem16" text="Gui Action and Settings"/>
    </Menu>
</core:FragmentDefinition>