<core:FragmentDefinition
		xmlns="sap.m"
		xmlns:core="sap.ui.core">
	<Menu itemSelected="onMenuAction">
		<MenuItem text="Capture Voyage Detail">
        <items>
				<MenuItem text="Plan Info Details" press="onPlan"/>
				<MenuItem text="Actual Info Details " press="onActual"/>
				
			</items>
        </MenuItem>
		<MenuItem text="change Voyage Details" press="onChange"/>
		<MenuItem text="Display Voyage Details" press="onDisplay"/>
        <MenuItem text="Maintain Events" press="onMaintain"/>
        <MenuItem text="Voyage Approval" press="onVoyageApproval"/>
			
		
		
	</Menu>
</core:FragmentDefinition>