<?xml version="1.0" encoding="utf-8"?>
<edmx:Edmx Version="1.0"
    xmlns:edmx="http://schemas.microsoft.com/ado/2007/06/edmx"
    xmlns:m="http://schemas.microsoft.com/ado/2007/08/dataservices/metadata"
    xmlns:sap="http://www.sap.com/Protocols/SAPData">
    <edmx:DataServices m:DataServiceVersion="2.0">
        <Schema Namespace="NAUTI.VENDOR_SRV" xml:lang="en" sap:schema-version="1"
            xmlns="http://schemas.microsoft.com/ado/2008/09/edm">
            <EntityType Name="VendorData" sap:content-version="1">
                <Key>
                    <PropertyRef Name="Lifnr"/>
                </Key>
                <Property Name="Lifnr" Type="Edm.String" Nullable="false" MaxLength="10" sap:unicode="false" sap:label="Vendor" sap:creatable="false" sap:updatable="false" sap:sortable="false" sap:filterable="false"/>
                <Property Name="PartnerRole" Type="Edm.String" Nullable="false" MaxLength="7" sap:unicode="false" sap:label="BP Role" sap:creatable="false" sap:updatable="false" sap:sortable="false" sap:filterable="false"/>
                <Property Name="Anred" Type="Edm.String" Nullable="false" MaxLength="15" sap:unicode="false" sap:label="Title" sap:creatable="false" sap:updatable="false" sap:sortable="false" sap:filterable="false"/>
                <Property Name="Name1" Type="Edm.String" Nullable="false" MaxLength="35" sap:unicode="false" sap:label="Name" sap:creatable="false" sap:updatable="false" sap:sortable="false" sap:filterable="false"/>
                <Property Name="Name2" Type="Edm.String" Nullable="false" MaxLength="35" sap:unicode="false" sap:label="Name 2" sap:creatable="false" sap:updatable="false" sap:sortable="false" sap:filterable="false"/>
                <Property Name="Name3" Type="Edm.String" Nullable="false" MaxLength="35" sap:unicode="false" sap:label="Name 3" sap:creatable="false" sap:updatable="false" sap:sortable="false" sap:filterable="false"/>
                <Property Name="Sort1" Type="Edm.String" Nullable="false" MaxLength="20" sap:unicode="false" sap:label="Search Term 1" sap:creatable="false" sap:updatable="false" sap:sortable="false" sap:filterable="false"/>
                <Property Name="StrSuppl1" Type="Edm.String" Nullable="false" MaxLength="40" sap:unicode="false" sap:label="Street 2" sap:creatable="false" sap:updatable="false" sap:sortable="false" sap:filterable="false"/>
                <Property Name="StrSuppl2" Type="Edm.String" Nullable="false" MaxLength="40" sap:unicode="false" sap:label="Street 3" sap:creatable="false" sap:updatable="false" sap:sortable="false" sap:filterable="false"/>
                <Property Name="HouseNum1" Type="Edm.String" Nullable="false" MaxLength="10" sap:unicode="false" sap:label="House Number" sap:creatable="false" sap:updatable="false" sap:sortable="false" sap:filterable="false"/>
                <Property Name="Stras" Type="Edm.String" Nullable="false" MaxLength="60" sap:unicode="false" sap:label="Street" sap:creatable="false" sap:updatable="false" sap:sortable="false" sap:filterable="false"/>
                <Property Name="Pstlz" Type="Edm.String" Nullable="false" MaxLength="10" sap:unicode="false" sap:label="Postal Code" sap:creatable="false" sap:updatable="false" sap:sortable="false" sap:filterable="false"/>
                <Property Name="Ort01" Type="Edm.String" Nullable="false" MaxLength="35" sap:unicode="false" sap:label="City" sap:creatable="false" sap:updatable="false" sap:sortable="false" sap:filterable="false"/>
                <Property Name="Land1" Type="Edm.String" Nullable="false" MaxLength="3" sap:unicode="false" sap:label="Country" sap:creatable="false" sap:updatable="false" sap:sortable="false" sap:filterable="false"/>
                <Property Name="Regio" Type="Edm.String" Nullable="false" MaxLength="3" sap:unicode="false" sap:label="Region" sap:creatable="false" sap:updatable="false" sap:sortable="false" sap:filterable="false"/>
                <Property Name="TimeZone" Type="Edm.String" Nullable="false" MaxLength="6" sap:unicode="false" sap:label="Time zone" sap:creatable="false" sap:updatable="false" sap:sortable="false" sap:filterable="false"/>
                <Property Name="Spras" Type="Edm.String" Nullable="false" MaxLength="2" sap:unicode="false" sap:label="Language" sap:creatable="false" sap:updatable="false" sap:sortable="false" sap:filterable="false"/>
                <Property Name="Telf1" Type="Edm.String" Nullable="false" MaxLength="16" sap:unicode="false" sap:label="Telephone 1" sap:creatable="false" sap:updatable="false" sap:sortable="false" sap:filterable="false"/>
                <Property Name="Telf2" Type="Edm.String" Nullable="false" MaxLength="16" sap:unicode="false" sap:label="Telephone 2" sap:creatable="false" sap:updatable="false" sap:sortable="false" sap:filterable="false"/>
                <Property Name="Telfx" Type="Edm.String" Nullable="false" MaxLength="31" sap:unicode="false" sap:label="Fax Number" sap:creatable="false" sap:updatable="false" sap:sortable="false" sap:filterable="false"/>
                <Property Name="SmtpAddr" Type="Edm.String" Nullable="false" MaxLength="241" sap:unicode="false" sap:label="E-Mail Address" sap:creatable="false" sap:updatable="false" sap:sortable="false" sap:filterable="false"/>
                <Property Name="Erdat" Type="Edm.DateTime" Nullable="false" Precision="7" sap:unicode="false" sap:label="Created on" sap:creatable="false" sap:updatable="false" sap:sortable="false" sap:filterable="false"/>
                <Property Name="DateTo" Type="Edm.DateTime" Nullable="false" Precision="7" sap:unicode="false" sap:label="To" sap:creatable="false" sap:updatable="false" sap:sortable="false" sap:filterable="false"/>
            </EntityType>
            <EntityType Name="CHARTREQ" sap:content-version="1">
                <Key>
                    <PropertyRef Name="Chrnmin"/>
                    <PropertyRef Name="Voyno"/>
                </Key>
                <Property Name="Chrnmin" Type="Edm.String" Nullable="false" MaxLength="10" sap:unicode="false" sap:label="Chartering Req. No." sap:creatable="false" sap:updatable="false" sap:sortable="false" sap:filterable="false"/>
                <Property Name="Chrcdate" Type="Edm.DateTime" Precision="7" sap:unicode="false" sap:label="Creation Date" sap:creatable="false" sap:updatable="false" sap:sortable="false" sap:filterable="false"/>
                <Property Name="Chrqsdate" Type="Edm.DateTime" Precision="7" sap:unicode="false" sap:label="Bidding Start Date" sap:creatable="false" sap:updatable="false" sap:sortable="false" sap:filterable="false"/>
                <Property Name="Chrqstime" Type="Edm.Time" Nullable="false" Precision="0" sap:unicode="false" sap:label="Bidding Start Time" sap:creatable="false" sap:updatable="false" sap:sortable="false" sap:filterable="false"/>
                <Property Name="Chrqedate" Type="Edm.DateTime" Precision="7" sap:unicode="false" sap:label="Bidding End Date" sap:creatable="false" sap:updatable="false" sap:sortable="false" sap:filterable="false"/>
                <Property Name="Chrqetime" Type="Edm.Time" Nullable="false" Precision="0" sap:unicode="false" sap:label="Bidding End Time" sap:creatable="false" sap:updatable="false" sap:sortable="false" sap:filterable="false"/>
                <Property Name="Chrqdate" Type="Edm.DateTime" Precision="7" sap:unicode="false" sap:label="Quot.Deadline Date" sap:creatable="false" sap:updatable="false" sap:sortable="false" sap:filterable="false"/>
                <Property Name="Voyno" Type="Edm.String" Nullable="false" MaxLength="20" sap:unicode="false" sap:label="Voyage No" sap:creatable="false" sap:updatable="false" sap:sortable="false" sap:filterable="false"/>
                <Property Name="Voynm" Type="Edm.String" Nullable="false" MaxLength="40" sap:unicode="false" sap:label="Voyage name" sap:creatable="false" sap:updatable="false" sap:sortable="false" sap:filterable="false"/>
                <Property Name="Lifnr" Type="Edm.String" Nullable="false" MaxLength="10" sap:unicode="false" sap:label="Vendor" sap:creatable="false" sap:updatable="false" sap:sortable="false" sap:filterable="false"/>
                <NavigationProperty Name="ChartReqtoVendBid" Relationship="NAUTI.VENDOR_SRV.ChartReqVendBid" FromRole="FromRole_ChartReqVendBid" ToRole="ToRole_ChartReqVendBid"/>
            </EntityType>
            <EntityType Name="CHARTVEN" sap:content-version="1">
                <Key>
                    <PropertyRef Name="Lifnr"/>
                </Key>
                <Property Name="Chrnmin" Type="Edm.String" Nullable="false" MaxLength="10" sap:unicode="false" sap:label="Chartering Req. No." sap:creatable="false" sap:updatable="false" sap:sortable="false" sap:filterable="false"/>
                <Property Name="Lifnr" Type="Edm.String" Nullable="false" MaxLength="10" sap:unicode="false" sap:label="Vendor" sap:creatable="false" sap:updatable="false" sap:sortable="false" sap:filterable="false"/>
                <Property Name="Voyno" Type="Edm.String" Nullable="false" MaxLength="20" sap:unicode="false" sap:label="Voyage No" sap:creatable="false" sap:updatable="false" sap:sortable="false" sap:filterable="false"/>
            </EntityType>
            <EntityType Name="DynamicTable" sap:content-version="1">
                <Key>
                    <PropertyRef Name="key"/>
                </Key>
                <Property Name="key" Type="Edm.String" Nullable="false" MaxLength="32" sap:unicode="false" sap:label="Key" sap:creatable="false" sap:updatable="false" sap:sortable="false" sap:filterable="false"/>
                <Property Name="name" Type="Edm.String" Nullable="false" sap:unicode="false" sap:label="Name" sap:sortable="false" sap:filterable="false"/>
                <Property Name="value" Type="Edm.String" Nullable="false" sap:unicode="false" sap:label="Value" sap:sortable="false" sap:filterable="false"/>
            </EntityType>
            <EntityType Name="NAVOYGH" sap:content-version="1">
                <Key>
                    <PropertyRef Name="Voyno"/>
                </Key>
                <Property Name="Voyno" Type="Edm.String" Nullable="false" MaxLength="20" sap:unicode="false" sap:label="Voyage No" sap:creatable="false" sap:updatable="false" sap:sortable="false" sap:filterable="false"/>
                <Property Name="Voynm" Type="Edm.String" Nullable="false" MaxLength="40" sap:unicode="false" sap:label="Voyage name" sap:creatable="false" sap:updatable="false" sap:sortable="false" sap:filterable="false"/>
                <Property Name="Vessn" Type="Edm.String" Nullable="false" MaxLength="20" sap:unicode="false" sap:label="Vessel name" sap:creatable="false" sap:updatable="false" sap:sortable="false" sap:filterable="false"/>
                <Property Name="Vimo" Type="Edm.String" Nullable="false" MaxLength="20" sap:unicode="false" sap:label="Vessel IMO no" sap:creatable="false" sap:updatable="false" sap:sortable="false" sap:filterable="false"/>
                <Property Name="Voyty" Type="Edm.String" Nullable="false" MaxLength="4" sap:unicode="false" sap:label="Voyage Type" sap:creatable="false" sap:updatable="false" sap:sortable="false" sap:filterable="false"/>
                <Property Name="Carty" Type="Edm.String" Nullable="false" MaxLength="4" sap:unicode="false" sap:label="Vessel Type" sap:creatable="false" sap:updatable="false" sap:sortable="false" sap:filterable="false"/>
                <Property Name="Curr" Type="Edm.String" Nullable="false" MaxLength="3" sap:unicode="false" sap:label="Currency" sap:creatable="false" sap:updatable="false" sap:sortable="false" sap:filterable="false"/>
                <Property Name="Bidtype" Type="Edm.String" Nullable="false" MaxLength="2" sap:unicode="false" sap:label="Bid Type" sap:creatable="false" sap:updatable="false" sap:sortable="false" sap:filterable="false"/>
                <Property Name="Frcost" Type="Edm.Decimal" Nullable="false" Precision="17" Scale="5" sap:unicode="false" sap:label="Freight Cost" sap:creatable="false" sap:updatable="false" sap:sortable="false" sap:filterable="false"/>
                <Property Name="Frtu" Type="Edm.String" Nullable="false" MaxLength="10" sap:unicode="false" sap:label="Freight Unit" sap:creatable="false" sap:updatable="false" sap:sortable="false" sap:filterable="false"/>
                <NavigationProperty Name="NAVOYGHtoIP" Relationship="NAUTI.VENDOR_SRV.NAVOYGH_IP" FromRole="FromRole_NAVOYGH_IP" ToRole="ToRole_NAVOYGH_IP"/>
            </EntityType>
            <EntityType Name="NAVOYGIP" sap:content-version="1">
                <Key>
                    <PropertyRef Name="Voyno"/>
                </Key>
                <Property Name="Voyno" Type="Edm.String" Nullable="false" MaxLength="20" sap:unicode="false" sap:label="Voyage No" sap:creatable="false" sap:updatable="false" sap:sortable="false" sap:filterable="false"/>
                <Property Name="Vlegn" Type="Edm.String" Nullable="false" MaxLength="10" sap:unicode="false" sap:label="LegID" sap:creatable="false" sap:updatable="false" sap:sortable="false" sap:filterable="false"/>
                <Property Name="Portc" Type="Edm.String" Nullable="false" MaxLength="10" sap:unicode="false" sap:label="Port Code" sap:creatable="false" sap:updatable="false" sap:sortable="false" sap:filterable="false"/>
                <Property Name="Portn" Type="Edm.String" Nullable="false" MaxLength="25" sap:unicode="false" sap:label="Port Name" sap:creatable="false" sap:updatable="false" sap:sortable="false" sap:filterable="false"/>
                <Property Name="Pdist" Type="Edm.Decimal" Nullable="false" Precision="13" Scale="3" sap:unicode="false" sap:label="Distance" sap:creatable="false" sap:updatable="false" sap:sortable="false" sap:filterable="false"/>
                <Property Name="Medst" Type="Edm.String" Nullable="false" MaxLength="3" sap:unicode="false" sap:label="UoM-Distance" sap:creatable="false" sap:updatable="false" sap:sortable="false" sap:filterable="false" sap:semantics="unit-of-measure"/>
                <Property Name="Vetad" Type="Edm.DateTime" Nullable="false" Precision="7" sap:unicode="false" sap:label="ETA" sap:creatable="false" sap:updatable="false" sap:sortable="false" sap:filterable="false"/>
                <Property Name="Vetat" Type="Edm.Time" Nullable="false" Precision="0" sap:unicode="false" sap:label="Time" sap:creatable="false" sap:updatable="false" sap:sortable="false" sap:filterable="false"/>
                <Property Name="Vetdd" Type="Edm.DateTime" Nullable="false" Precision="7" sap:unicode="false" sap:label="ETD" sap:creatable="false" sap:updatable="false" sap:sortable="false" sap:filterable="false"/>
                <Property Name="Vetdt" Type="Edm.Time" Nullable="false" Precision="0" sap:unicode="false" sap:label="Time" sap:creatable="false" sap:updatable="false" sap:sortable="false" sap:filterable="false"/>
                <Property Name="Cargs" Type="Edm.Decimal" Nullable="false" Precision="12" Scale="0" sap:unicode="false" sap:label="Cargo size" sap:creatable="false" sap:updatable="false" sap:sortable="false" sap:filterable="false"/>
                <Property Name="Cargu" Type="Edm.String" Nullable="false" MaxLength="3" sap:unicode="false" sap:label="Base Unit" sap:creatable="false" sap:updatable="false" sap:sortable="false" sap:filterable="false" sap:semantics="unit-of-measure"/>
            </EntityType>
            <EntityType Name="ITEM_BID" sap:content-version="1">
                <Key>
                    <PropertyRef Name="Voyno"/>
                </Key>
                <Property Name="Voyno" Type="Edm.String" Nullable="false" MaxLength="20" sap:unicode="false" sap:label="Voyage No" sap:creatable="false" sap:updatable="false" sap:sortable="false" sap:filterable="false"/>
                <Property Name="Zcode" Type="Edm.String" Nullable="false" MaxLength="10" sap:unicode="false" sap:label="Code" sap:creatable="false" sap:updatable="false" sap:sortable="false" sap:filterable="false"/>
                <Property Name="Value" Type="Edm.String" Nullable="false" MaxLength="50" sap:unicode="false" sap:label="Value" sap:creatable="false" sap:updatable="false" sap:sortable="false" sap:filterable="false"/>
                <Property Name="CodeDesc" Type="Edm.String" Nullable="false" MaxLength="50" sap:unicode="false" sap:label="Code Description" sap:creatable="false" sap:updatable="false" sap:sortable="false" sap:filterable="false"/>
                <Property Name="RevBid" Type="Edm.Boolean" Nullable="false" sap:unicode="false" sap:label="Revelant for Bidding" sap:creatable="false" sap:updatable="false" sap:sortable="false" sap:filterable="false"/>
                <Property Name="Good" Type="Edm.String" Nullable="false" MaxLength="1" sap:unicode="false" sap:label="Good To Have" sap:creatable="false" sap:updatable="false" sap:sortable="false" sap:filterable="false"/>
                <Property Name="Mand" Type="Edm.String" Nullable="false" MaxLength="1" sap:unicode="false" sap:label="Active/Inactive" sap:creatable="false" sap:updatable="false" sap:sortable="false" sap:filterable="false"/>
                <Property Name="Must" Type="Edm.String" Nullable="false" MaxLength="1" sap:unicode="false" sap:label="Must Not Have" sap:creatable="false" sap:updatable="false" sap:sortable="false" sap:filterable="false"/>
                <Property Name="Zmin" Type="Edm.Decimal" Nullable="false" Precision="3" Scale="0" sap:unicode="false" sap:label="Minimum Score" sap:creatable="false" sap:updatable="false" sap:sortable="false" sap:filterable="false"/>
                <Property Name="Zmax" Type="Edm.Decimal" Nullable="false" Precision="3" Scale="0" sap:unicode="false" sap:label="Maximum Score" sap:creatable="false" sap:updatable="false" sap:sortable="false" sap:filterable="false"/>
            </EntityType>
            <EntityType Name="MasBidTemplate" sap:content-version="1">
                <Key>
                    <PropertyRef Name="Code"/>
                </Key>
                <Property Name="Code" Type="Edm.String" Nullable="false" MaxLength="10" sap:unicode="false" sap:label="Code" sap:creatable="false" sap:updatable="false" sap:sortable="false" sap:filterable="false"/>
                <Property Name="Value" Type="Edm.String" Nullable="false" MaxLength="50" sap:unicode="false" sap:label="Value" sap:creatable="false" sap:updatable="false" sap:sortable="false" sap:filterable="false"/>
                <Property Name="Cvalue" Type="Edm.Decimal" Nullable="false" Precision="14" Scale="3" sap:unicode="false" sap:label="Revaluation" sap:creatable="false" sap:updatable="false" sap:sortable="false" sap:filterable="false"/>
                <Property Name="Cunit" Type="Edm.String" Nullable="false" MaxLength="5" sap:unicode="false" sap:label="Currency" sap:creatable="false" sap:updatable="false" sap:sortable="false" sap:filterable="false" sap:semantics="currency-code"/>
                <Property Name="Datatype" Type="Edm.String" Nullable="false" MaxLength="3" sap:unicode="false" sap:label="Datatype" sap:creatable="false" sap:updatable="false" sap:sortable="false" sap:filterable="false"/>
                <Property Name="Tablename" Type="Edm.String" Nullable="false" MaxLength="20" sap:unicode="false" sap:label="Table Name" sap:creatable="false" sap:updatable="false" sap:sortable="false" sap:filterable="false"/>
                <Property Name="MultiChoice" Type="Edm.Boolean" Nullable="false" sap:unicode="false" sap:label="Multiple Choice" sap:creatable="false" sap:updatable="false" sap:sortable="false" sap:filterable="false"/>
            </EntityType>
            <EntityType Name="Ports" sap:content-version="1">
                <Key>
                    <PropertyRef Name="ZfValue"/>
                </Key>
                <Property Name="ZfValue" Type="Edm.String" Nullable="false" MaxLength="50" sap:unicode="false" sap:label="Value" sap:creatable="false" sap:updatable="false" sap:sortable="false" sap:filterable="false"/>
                <Property Name="ZfDesc" Type="Edm.String" Nullable="false" MaxLength="50" sap:unicode="false" sap:label="Field Description" sap:creatable="false" sap:updatable="false" sap:sortable="false" sap:filterable="false"/>
                <Property Name="Country" Type="Edm.String" Nullable="false" MaxLength="3" sap:unicode="false" sap:label="Country" sap:creatable="false" sap:updatable="false" sap:sortable="false" sap:filterable="false"/>
                <Property Name="Countryn" Type="Edm.String" Nullable="false" MaxLength="25" sap:unicode="false" sap:label="Country Name" sap:creatable="false" sap:updatable="false" sap:sortable="false" sap:filterable="false"/>
            </EntityType>
            <EntityType Name="sendInvBid" sap:content-version="1">
                <Key>
                    <PropertyRef Name="Voyno"/>
                    <PropertyRef Name="Lifnr"/>
                    <PropertyRef Name="Chrnmin"/>
                </Key>
                <Property Name="Voyno" Type="Edm.String" Nullable="false" MaxLength="20" sap:unicode="false" sap:label="Voyage No" sap:creatable="false" sap:updatable="false" sap:sortable="false" sap:filterable="false"/>
                <Property Name="Lifnr" Type="Edm.String" Nullable="false" MaxLength="10" sap:unicode="false" sap:label="Vendor" sap:creatable="false" sap:updatable="false" sap:sortable="false" sap:filterable="false"/>
                <Property Name="Chrnmin" Type="Edm.String" Nullable="false" MaxLength="10" sap:unicode="false" sap:label="Chartering Req. No." sap:creatable="false" sap:updatable="false" sap:sortable="false" sap:filterable="false"/>
                <Property Name="Cvalue" Type="Edm.Decimal" Nullable="false" Precision="14" Scale="3" sap:unicode="false" sap:label="Revaluation" sap:creatable="false" sap:updatable="false" sap:sortable="false" sap:filterable="false"/>
                <Property Name="Cunit" Type="Edm.String" Nullable="false" MaxLength="5" sap:unicode="false" sap:label="Currency" sap:creatable="false" sap:updatable="false" sap:sortable="false" sap:filterable="false" sap:semantics="currency-code"/>
                <Property Name="Stat" Type="Edm.String" Nullable="false" MaxLength="4" sap:unicode="false" sap:label="Status" sap:creatable="false" sap:updatable="false" sap:sortable="false" sap:filterable="false"/>
                <Property Name="Zmode" Type="Edm.String" Nullable="false" MaxLength="4" sap:unicode="false" sap:label="Type (Auto/manual)" sap:creatable="false" sap:updatable="false" sap:sortable="false" sap:filterable="false"/>
                <Property Name="Zcom" Type="Edm.String" Nullable="false" MaxLength="250" sap:unicode="false" sap:label="Comments" sap:creatable="false" sap:updatable="false" sap:sortable="false" sap:filterable="false"/>
            </EntityType>
            <EntityType Name="VendBid" sap:content-version="1">
                <Key>
                    <PropertyRef Name="Voyno"/>
                    <PropertyRef Name="Chrnmin"/>
                </Key>
                <Property Name="Voyno" Type="Edm.String" Nullable="false" MaxLength="20" sap:unicode="false" sap:label="Voyage No" sap:creatable="false" sap:updatable="false" sap:sortable="false" sap:filterable="false"/>
                <Property Name="Lifnr" Type="Edm.String" Nullable="false" MaxLength="10" sap:unicode="false" sap:label="Vendor" sap:creatable="false" sap:updatable="false" sap:sortable="false" sap:filterable="false"/>
                <Property Name="Zcode" Type="Edm.String" Nullable="false" MaxLength="10" sap:unicode="false" sap:label="Code" sap:creatable="false" sap:updatable="false" sap:sortable="false" sap:filterable="false"/>
                <Property Name="Value" Type="Edm.String" Nullable="false" MaxLength="10" sap:unicode="false" sap:label="Value" sap:creatable="false" sap:updatable="false" sap:sortable="false" sap:filterable="false"/>
                <Property Name="Cvalue" Type="Edm.Decimal" Nullable="false" Precision="14" Scale="3" sap:unicode="false" sap:label="Revaluation" sap:creatable="false" sap:updatable="false" sap:sortable="false" sap:filterable="false"/>
                <Property Name="Cunit" Type="Edm.String" Nullable="false" MaxLength="5" sap:unicode="false" sap:label="Currency" sap:creatable="false" sap:updatable="false" sap:sortable="false" sap:filterable="false" sap:semantics="currency-code"/>
                <Property Name="Chrnmin" Type="Edm.String" Nullable="false" MaxLength="10" sap:unicode="false" sap:label="Chartering Req. No." sap:creatable="false" sap:updatable="false" sap:sortable="false" sap:filterable="false"/>
                <Property Name="CodeDesc" Type="Edm.String" Nullable="false" MaxLength="50" sap:unicode="false" sap:label="Code Description" sap:creatable="false" sap:updatable="false" sap:sortable="false" sap:filterable="false"/>
            </EntityType>
            <EntityType Name="VendBidH" sap:content-version="1">
                <Key>
                    <PropertyRef Name="Voyno"/>
                    <PropertyRef Name="Lifnr"/>
                    <PropertyRef Name="Chrnmin"/>
                </Key>
                <Property Name="Voyno" Type="Edm.String" Nullable="false" MaxLength="20" sap:unicode="false" sap:label="Voyage No" sap:creatable="false" sap:updatable="false" sap:sortable="false" sap:filterable="false"/>
                <Property Name="Lifnr" Type="Edm.String" Nullable="false" MaxLength="10" sap:unicode="false" sap:label="Vendor" sap:creatable="false" sap:updatable="false" sap:sortable="false" sap:filterable="false"/>
                <Property Name="Chrnmin" Type="Edm.String" Nullable="false" MaxLength="10" sap:unicode="false" sap:label="Chartering Req. No." sap:creatable="false" sap:updatable="false" sap:sortable="false" sap:filterable="false"/>
                <Property Name="Vimono" Type="Edm.String" Nullable="false" MaxLength="40" sap:unicode="false" sap:label="Vessel IMO Number" sap:creatable="false" sap:updatable="false" sap:sortable="false" sap:filterable="false"/>
                <Property Name="Vname" Type="Edm.String" Nullable="false" MaxLength="40" sap:unicode="false" sap:label="Vessel Name" sap:creatable="false" sap:updatable="false" sap:sortable="false" sap:filterable="false"/>
                <NavigationProperty Name="Vend_Head_to_Item" Relationship="NAUTI.VENDOR_SRV.VendBidH_I" FromRole="FromRole_VendBidH_I" ToRole="ToRole_VendBidH_I"/>
            </EntityType>
            <EntityType Name="VendFBid" sap:content-version="1">
                <Key>
                    <PropertyRef Name="Chrnmin"/>
                </Key>
                <Property Name="Voyno" Type="Edm.String" Nullable="false" MaxLength="20" sap:unicode="false" sap:label="Voyage No" sap:creatable="false" sap:updatable="false" sap:sortable="false" sap:filterable="false"/>
                <Property Name="Lifnr" Type="Edm.String" Nullable="false" MaxLength="10" sap:unicode="false" sap:label="Vendor" sap:creatable="false" sap:updatable="false" sap:sortable="false" sap:filterable="false"/>
                <Property Name="Zcode" Type="Edm.String" Nullable="false" MaxLength="10" sap:unicode="false" sap:label="Code" sap:creatable="false" sap:updatable="false" sap:sortable="false" sap:filterable="false"/>
                <Property Name="Biddate" Type="Edm.DateTime" Nullable="false" Precision="7" sap:unicode="false" sap:label="Bid Date" sap:creatable="false" sap:updatable="false" sap:sortable="false" sap:filterable="false"/>
                <Property Name="Bidtime" Type="Edm.Time" Nullable="false" Precision="0" sap:unicode="false" sap:label="Bid Time" sap:creatable="false" sap:updatable="false" sap:sortable="false" sap:filterable="false"/>
                <Property Name="Chrnmin" Type="Edm.String" Nullable="false" MaxLength="10" sap:unicode="false" sap:label="Chartering Req. No." sap:creatable="false" sap:updatable="false" sap:sortable="false" sap:filterable="false"/>
                <Property Name="CodeDesc" Type="Edm.String" Nullable="false" MaxLength="50" sap:unicode="false" sap:label="Code Description" sap:creatable="false" sap:updatable="false" sap:sortable="false" sap:filterable="false"/>
                <Property Name="Value" Type="Edm.String" Nullable="false" MaxLength="10" sap:unicode="false" sap:label="Value" sap:creatable="false" sap:updatable="false" sap:sortable="false" sap:filterable="false"/>
                <Property Name="Cvalue" Type="Edm.Decimal" Nullable="false" Precision="14" Scale="3" sap:unicode="false" sap:label="Revaluation" sap:creatable="false" sap:updatable="false" sap:sortable="false" sap:filterable="false"/>
                <Property Name="Cunit" Type="Edm.String" Nullable="false" MaxLength="5" sap:unicode="false" sap:label="Currency" sap:creatable="false" sap:updatable="false" sap:sortable="false" sap:filterable="false" sap:semantics="currency-code"/>
                <Property Name="Chrqsdate" Type="Edm.DateTime" Nullable="false" Precision="7" sap:unicode="false" sap:label="Bidding Start Date" sap:creatable="false" sap:updatable="false" sap:sortable="false" sap:filterable="false"/>
                <Property Name="Chrqstime" Type="Edm.Time" Nullable="false" Precision="0" sap:unicode="false" sap:label="Bidding Start Time" sap:creatable="false" sap:updatable="false" sap:sortable="false" sap:filterable="false"/>
                <Property Name="Chrqedate" Type="Edm.DateTime" Nullable="false" Precision="7" sap:unicode="false" sap:label="Bidding End Date" sap:creatable="false" sap:updatable="false" sap:sortable="false" sap:filterable="false"/>
                <Property Name="Chrqetime" Type="Edm.Time" Nullable="false" Precision="0" sap:unicode="false" sap:label="Bidding End Time" sap:creatable="false" sap:updatable="false" sap:sortable="false" sap:filterable="false"/>
                <Property Name="DoneBy" Type="Edm.Boolean" Nullable="false" sap:unicode="false" sap:label="Done by Vendor ?" sap:creatable="false" sap:updatable="false" sap:sortable="false" sap:filterable="false"/>
                <Property Name="Uname" Type="Edm.String" Nullable="false" MaxLength="12" sap:unicode="false" sap:label="Created by" sap:creatable="false" sap:updatable="false" sap:sortable="false" sap:filterable="false"/>
                <Property Name="Stat" Type="Edm.String" Nullable="false" MaxLength="4" sap:unicode="false" sap:label="Status" sap:creatable="false" sap:updatable="false" sap:sortable="false" sap:filterable="false"/>
                <Property Name="Zmode" Type="Edm.String" Nullable="false" MaxLength="4" sap:unicode="false" sap:label="Type (Auto/manual)" sap:creatable="false" sap:updatable="false" sap:sortable="false" sap:filterable="false"/>
                <Property Name="Zcom" Type="Edm.String" Nullable="false" MaxLength="250" sap:unicode="false" sap:label="Comments" sap:creatable="false" sap:updatable="false" sap:sortable="false" sap:filterable="false"/>
            </EntityType>
            <EntityType Name="ZRANK_SINGLE" sap:content-version="1">
                <Key>
                    <PropertyRef Name="ImChat"/>
                    <PropertyRef Name="ImVendor"/>
                </Key>
                <Property Name="WOutput" Type="NAUTI.VENDOR_SRV.WOutput" Nullable="false"/>
                <Property Name="ImChat" Type="Edm.String" Nullable="false" MaxLength="10" sap:unicode="false" sap:label="Chartering Req. No." sap:creatable="false" sap:updatable="false" sap:sortable="false" sap:filterable="false"/>
                <Property Name="ImVendor" Type="Edm.String" Nullable="false" MaxLength="10" sap:unicode="false" sap:label="Vendor" sap:creatable="false" sap:updatable="false" sap:sortable="false" sap:filterable="false"/>
            </EntityType>
            <EntityType Name="ZLastBid" sap:content-version="1">
                <Key>
                    <PropertyRef Name="IvVend"/>
                    <PropertyRef Name="IvVoyno"/>
                </Key>
                <Property Name="IvVend" Type="Edm.String" Nullable="false" MaxLength="10" sap:unicode="false" sap:label="Vendor" sap:creatable="false" sap:updatable="false" sap:sortable="false" sap:filterable="false"/>
                <Property Name="IvVoyno" Type="Edm.String" Nullable="false" MaxLength="10" sap:unicode="false" sap:label="Chartering Req. No." sap:creatable="false" sap:updatable="false" sap:sortable="false" sap:filterable="false"/>
                <Property Name="EvComment" Type="Edm.String" Nullable="false" MaxLength="250" sap:unicode="false" sap:label="Comments" sap:creatable="false" sap:updatable="false" sap:sortable="false" sap:filterable="false"/>
                <Property Name="EvQuote" Type="Edm.String" Nullable="false" MaxLength="50" sap:unicode="false" sap:label="Value" sap:creatable="false" sap:updatable="false" sap:sortable="false" sap:filterable="false"/>
            </EntityType>
            <EntityType Name="ZCOMMERCIAL_RANK" sap:content-version="1">
                <Key>
                    <PropertyRef Name="IvChrnmin"/>
                    <PropertyRef Name="IvLifnr"/>
                    <PropertyRef Name="IvVoyno"/>
                </Key>
                <Property Name="IvChrnmin" Type="Edm.String" Nullable="false" MaxLength="10" sap:unicode="false" sap:label="Chartering Req. No." sap:creatable="false" sap:updatable="false" sap:sortable="false" sap:filterable="false"/>
                <Property Name="IvLifnr" Type="Edm.String" Nullable="false" MaxLength="10" sap:unicode="false" sap:label="Vendor" sap:creatable="false" sap:updatable="false" sap:sortable="false" sap:filterable="false"/>
                <Property Name="IvVoyno" Type="Edm.String" Nullable="false" MaxLength="20" sap:unicode="false" sap:label="Voyage No" sap:creatable="false" sap:updatable="false" sap:sortable="false" sap:filterable="false"/>
                <Property Name="IvRank" Type="Edm.String" Nullable="false" MaxLength="3" sap:unicode="false" sap:label="3-Byte field" sap:creatable="false" sap:updatable="false" sap:sortable="false" sap:filterable="false"/>
            </EntityType>
            <EntityType Name="ZGet_QUOTE" sap:content-version="1">
                <Key>
                    <PropertyRef Name="IvChat"/>
                    <PropertyRef Name="IvVend"/>
                </Key>
                <Property Name="IvChat" Type="Edm.String" Nullable="false" MaxLength="10" sap:unicode="false" sap:label="Chartering Req. No." sap:creatable="false" sap:updatable="false" sap:sortable="false" sap:filterable="false"/>
                <Property Name="IvVend" Type="Edm.String" Nullable="false" MaxLength="10" sap:unicode="false" sap:label="Vendor" sap:creatable="false" sap:updatable="false" sap:sortable="false" sap:filterable="false"/>
                <Property Name="EvQuote" Type="Edm.String" Nullable="false" MaxLength="50" sap:unicode="false" sap:label="Value" sap:creatable="false" sap:updatable="false" sap:sortable="false" sap:filterable="false"/>
            </EntityType>
            <ComplexType Name="WOutput">
                <Property Name="Chrnmin" Type="Edm.String" Nullable="false" MaxLength="10" sap:label="Chartering Req. No." sap:creatable="false" sap:updatable="false" sap:sortable="false" sap:filterable="false"/>
                <Property Name="Voyno" Type="Edm.String" Nullable="false" MaxLength="20" sap:label="Voyage No" sap:creatable="false" sap:updatable="false" sap:sortable="false" sap:filterable="false"/>
                <Property Name="Lifnr" Type="Edm.String" Nullable="false" MaxLength="10" sap:label="Vendor" sap:creatable="false" sap:updatable="false" sap:sortable="false" sap:filterable="false"/>
                <Property Name="Name1" Type="Edm.String" Nullable="false" MaxLength="35" sap:label="Name" sap:creatable="false" sap:updatable="false" sap:sortable="false" sap:filterable="false"/>
                <Property Name="Name2" Type="Edm.String" Nullable="false" MaxLength="35" sap:label="Name 2" sap:creatable="false" sap:updatable="false" sap:sortable="false" sap:filterable="false"/>
                <Property Name="Eligible" Type="Edm.String" Nullable="false" MaxLength="20" sap:label="Char20" sap:creatable="false" sap:updatable="false" sap:sortable="false" sap:filterable="false"/>
                <Property Name="CRank" Type="Edm.String" Nullable="false" MaxLength="5" sap:label="R/2 table" sap:creatable="false" sap:updatable="false" sap:sortable="false" sap:filterable="false"/>
                <Property Name="TRank" Type="Edm.String" Nullable="false" MaxLength="5" sap:label="R/2 table" sap:creatable="false" sap:updatable="false" sap:sortable="false" sap:filterable="false"/>
            </ComplexType>
            <Association Name="VendBidH_I" sap:content-version="1">
                <End Type="NAUTI.VENDOR_SRV.VendBidH" Multiplicity="1" Role="FromRole_VendBidH_I"/>
                <End Type="NAUTI.VENDOR_SRV.VendBid" Multiplicity="*" Role="ToRole_VendBidH_I"/>
            </Association>
            <Association Name="ChartReqVendBid" sap:content-version="1">
                <End Type="NAUTI.VENDOR_SRV.CHARTREQ" Multiplicity="*" Role="FromRole_ChartReqVendBid"/>
                <End Type="NAUTI.VENDOR_SRV.VendBid" Multiplicity="*" Role="ToRole_ChartReqVendBid"/>
                <ReferentialConstraint>
                    <Principal Role="FromRole_ChartReqVendBid">
                        <PropertyRef Name="Chrnmin"/>
                        <PropertyRef Name="Voyno"/>
                    </Principal>
                    <Dependent Role="ToRole_ChartReqVendBid">
                        <PropertyRef Name="Chrnmin"/>
                        <PropertyRef Name="Voyno"/>
                    </Dependent>
                </ReferentialConstraint>
            </Association>
            <Association Name="NAVOYGH_IP" sap:content-version="1">
                <End Type="NAUTI.VENDOR_SRV.NAVOYGH" Multiplicity="1" Role="FromRole_NAVOYGH_IP"/>
                <End Type="NAUTI.VENDOR_SRV.NAVOYGIP" Multiplicity="*" Role="ToRole_NAVOYGH_IP"/>
                <ReferentialConstraint>
                    <Principal Role="FromRole_NAVOYGH_IP">
                        <PropertyRef Name="Voyno"/>
                    </Principal>
                    <Dependent Role="ToRole_NAVOYGH_IP">
                        <PropertyRef Name="Voyno"/>
                    </Dependent>
                </ReferentialConstraint>
            </Association>
            <EntityContainer Name="NAUTI_VENDOR_SRV_Entities" m:IsDefaultEntityContainer="true" sap:supported-formats="atom json xlsx">
                <EntitySet Name="ZRANK_SINGLESet" EntityType="NAUTI.VENDOR_SRV.ZRANK_SINGLE" sap:creatable="false" sap:updatable="false" sap:deletable="false" sap:pageable="false" sap:content-version="1"/>
                <EntitySet Name="ZLastBidSet" EntityType="NAUTI.VENDOR_SRV.ZLastBid" sap:creatable="false" sap:updatable="false" sap:deletable="false" sap:pageable="false" sap:content-version="1"/>
                <EntitySet Name="ZCOMMERCIAL_RANKSet" EntityType="NAUTI.VENDOR_SRV.ZCOMMERCIAL_RANK" sap:creatable="false" sap:updatable="false" sap:deletable="false" sap:pageable="false" sap:content-version="1"/>
                <EntitySet Name="ZGet_QUOTESet" EntityType="NAUTI.VENDOR_SRV.ZGet_QUOTE" sap:creatable="false" sap:updatable="false" sap:deletable="false" sap:pageable="false" sap:content-version="1"/>
                <EntitySet Name="VendorDataSet" EntityType="NAUTI.VENDOR_SRV.VendorData" sap:creatable="false" sap:updatable="false" sap:deletable="false" sap:pageable="false" sap:content-version="1"/>
                <EntitySet Name="CHARTREQSet" EntityType="NAUTI.VENDOR_SRV.CHARTREQ" sap:creatable="false" sap:updatable="false" sap:deletable="false" sap:pageable="false" sap:content-version="1"/>
                <EntitySet Name="CHARTVENSet" EntityType="NAUTI.VENDOR_SRV.CHARTVEN" sap:creatable="false" sap:updatable="false" sap:deletable="false" sap:pageable="false" sap:content-version="1"/>
                <EntitySet Name="DynamicTableSet" EntityType="NAUTI.VENDOR_SRV.DynamicTable" sap:creatable="false" sap:updatable="false" sap:deletable="false" sap:pageable="false" sap:addressable="false" sap:content-version="1"/>
                <EntitySet Name="NAVOYGHSet" EntityType="NAUTI.VENDOR_SRV.NAVOYGH" sap:creatable="false" sap:updatable="false" sap:deletable="false" sap:pageable="false" sap:content-version="1"/>
                <EntitySet Name="NAVOYGIPSet" EntityType="NAUTI.VENDOR_SRV.NAVOYGIP" sap:creatable="false" sap:updatable="false" sap:deletable="false" sap:pageable="false" sap:content-version="1"/>
                <EntitySet Name="ITEM_BIDSet" EntityType="NAUTI.VENDOR_SRV.ITEM_BID" sap:creatable="false" sap:updatable="false" sap:deletable="false" sap:pageable="false" sap:content-version="1"/>
                <EntitySet Name="MasBidTemplateSet" EntityType="NAUTI.VENDOR_SRV.MasBidTemplate" sap:creatable="false" sap:updatable="false" sap:deletable="false" sap:pageable="false" sap:content-version="1"/>
                <EntitySet Name="PortsSet" EntityType="NAUTI.VENDOR_SRV.Ports" sap:creatable="false" sap:updatable="false" sap:deletable="false" sap:pageable="false" sap:content-version="1"/>
                <EntitySet Name="sendInvBidSet" EntityType="NAUTI.VENDOR_SRV.sendInvBid" sap:creatable="false" sap:updatable="false" sap:deletable="false" sap:pageable="false" sap:content-version="1"/>
                <EntitySet Name="VendBidSet" EntityType="NAUTI.VENDOR_SRV.VendBid" sap:creatable="false" sap:updatable="false" sap:deletable="false" sap:pageable="false" sap:content-version="1"/>
                <EntitySet Name="VendBidHSet" EntityType="NAUTI.VENDOR_SRV.VendBidH" sap:creatable="false" sap:updatable="false" sap:deletable="false" sap:pageable="false" sap:content-version="1"/>
                <EntitySet Name="VendFBidSet" EntityType="NAUTI.VENDOR_SRV.VendFBid" sap:creatable="false" sap:updatable="false" sap:deletable="false" sap:pageable="false" sap:content-version="1"/>
                <AssociationSet Name="NAVOYGH_IPSet" Association="NAUTI.VENDOR_SRV.NAVOYGH_IP" sap:creatable="false" sap:updatable="false" sap:deletable="false" sap:content-version="1">
                    <End EntitySet="NAVOYGHSet" Role="FromRole_NAVOYGH_IP"/>
                    <End EntitySet="NAVOYGIPSet" Role="ToRole_NAVOYGH_IP"/>
                </AssociationSet>
                <AssociationSet Name="ChartReqVendBidSet" Association="NAUTI.VENDOR_SRV.ChartReqVendBid" sap:creatable="false" sap:updatable="false" sap:deletable="false" sap:content-version="1">
                    <End EntitySet="CHARTREQSet" Role="FromRole_ChartReqVendBid"/>
                    <End EntitySet="VendBidSet" Role="ToRole_ChartReqVendBid"/>
                </AssociationSet>
                <AssociationSet Name="VendBidH_ISet" Association="NAUTI.VENDOR_SRV.VendBidH_I" sap:creatable="false" sap:updatable="false" sap:deletable="false" sap:content-version="1">
                    <End EntitySet="VendBidHSet" Role="FromRole_VendBidH_I"/>
                    <End EntitySet="VendBidSet" Role="ToRole_VendBidH_I"/>
                </AssociationSet>
            </EntityContainer>
            <atom:link rel="self" href="http://35.185.33.183:8001/sap/opu/odata/nauti/VENDOR_SRV/$metadata"
                xmlns:atom="http://www.w3.org/2005/Atom"/>
                <atom:link rel="latest-version" href="http://35.185.33.183:8001/sap/opu/odata/nauti/VENDOR_SRV/$metadata"
                    xmlns:atom="http://www.w3.org/2005/Atom"/>
                </Schema>
            </edmx:DataServices>
        </edmx:Edmx>