<?xml version="1.0" encoding="utf-8"?>
<edmx:Edmx Version="1.0"
    xmlns:edmx="http://schemas.microsoft.com/ado/2007/06/edmx"
    xmlns:m="http://schemas.microsoft.com/ado/2007/08/dataservices/metadata"
    xmlns:sap="http://www.sap.com/Protocols/SAPData">
    <edmx:Reference Uri="http://ingenx:3000/sap/opu/odata/IWFND/CATALOGSERVICE;v=2/Vocabularies(TechnicalName='%2FIWBEP%2FVOC_COMMON',Version='0001',SAP__Origin='')/$value"
        xmlns:edmx="http://docs.oasis-open.org/odata/ns/edmx">
        <edmx:Include Namespace="com.sap.vocabularies.Common.v1" Alias="Common"/>
    </edmx:Reference>
    <edmx:Reference Uri="http://ingenx:3000/sap/opu/odata/IWFND/CATALOGSERVICE;v=2/Vocabularies(TechnicalName='%2FIWBEP%2FVOC_CAPABILITIES',Version='0001',SAP__Origin='')/$value"
        xmlns:edmx="http://docs.oasis-open.org/odata/ns/edmx">
        <edmx:Include Namespace="Org.OData.Capabilities.V1" Alias="Capabilities"/>
    </edmx:Reference>
    <edmx:Reference Uri="http://ingenx:3000/sap/opu/odata/IWFND/CATALOGSERVICE;v=2/Vocabularies(TechnicalName='%2FIWBEP%2FVOC_COMMUNICATION',Version='0001',SAP__Origin='')/$value"
        xmlns:edmx="http://docs.oasis-open.org/odata/ns/edmx">
        <edmx:Include Namespace="com.sap.vocabularies.Communication.v1" Alias="Communication"/>
    </edmx:Reference>
    <edmx:Reference Uri="http://ingenx:3000/sap/opu/odata/IWFND/CATALOGSERVICE;v=2/Vocabularies(TechnicalName='%2FIWBEP%2FVOC_AGGREGATION',Version='0001',SAP__Origin='')/$value"
        xmlns:edmx="http://docs.oasis-open.org/odata/ns/edmx">
        <edmx:Include Namespace="Org.OData.Aggregation.V1" Alias="Aggregation"/>
    </edmx:Reference>
    <edmx:Reference Uri="http://ingenx:3000/sap/opu/odata/IWFND/CATALOGSERVICE;v=2/Vocabularies(TechnicalName='%2FIWBEP%2FVOC_PERSONALDATA',Version='0001',SAP__Origin='')/$value"
        xmlns:edmx="http://docs.oasis-open.org/odata/ns/edmx">
        <edmx:Include Namespace="com.sap.vocabularies.PersonalData.v1" Alias="PersonalData"/>
    </edmx:Reference>
    <edmx:DataServices m:DataServiceVersion="2.0">
        <Schema Namespace="ZBTP_NAUTI_MARINE_DM_CDS" xml:lang="en" sap:schema-version="1"
            xmlns="http://schemas.microsoft.com/ado/2008/09/edm">
            <EntityType Name="ZBTP_NAUTI_Marine_DMType" sap:label="Marine dm" sap:content-version="1">
                <Key>
                    <PropertyRef Name="start_port"/>
                    <PropertyRef Name="end_port"/>
                    <PropertyRef Name="route_id"/>
                    <PropertyRef Name="location_id"/>
                </Key>
                <Property Name="start_port" Type="Edm.String" Nullable="false" MaxLength="10" sap:label="Port ID" sap:quickinfo="Port ID for Vessel Route"/>
                <Property Name="end_port" Type="Edm.String" Nullable="false" MaxLength="10" sap:label="Port ID" sap:quickinfo="Port ID for Vessel Route"/>
                <Property Name="route_id" Type="Edm.String" Nullable="false" MaxLength="2" sap:label="Route ID"/>
                <Property Name="location_id" Type="Edm.String" Nullable="false" MaxLength="3" sap:display-format="NonNegative" sap:label="Location ID"/>
                <Property Name="latitude" Type="Edm.String" MaxLength="10" sap:label="Latitude"/>
                <Property Name="longitude" Type="Edm.String" MaxLength="10" sap:label="Longitude"/>
            </EntityType>
            <EntityContainer Name="ZBTP_NAUTI_MARINE_DM_CDS_Entities" m:IsDefaultEntityContainer="true" sap:message-scope-supported="true" sap:supported-formats="atom json xlsx">
                <EntitySet Name="ZBTP_NAUTI_Marine_DM" EntityType="ZBTP_NAUTI_MARINE_DM_CDS.ZBTP_NAUTI_Marine_DMType" sap:content-version="1"/>
            </EntityContainer>
            <Annotations Target="ZBTP_NAUTI_MARINE_DM_CDS.ZBTP_NAUTI_MARINE_DM_CDS_Entities"
                xmlns="http://docs.oasis-open.org/odata/ns/edm">
                <Annotation Term="Aggregation.ApplySupported">
                    <Record>
                        <PropertyValue Property="Transformations">
                            <Collection>
                                <String>aggregate</String>
                                <String>groupby</String>
                                <String>filter</String>
                            </Collection>
                        </PropertyValue>
                        <PropertyValue Property="Rollup" EnumMember="None"/>
                    </Record>
                </Annotation>
            </Annotations>
            <atom:link rel="self" href="http://ingenx:3000/sap/opu/odata/sap/ZBTP_NAUTI_MARINE_DM_CDS/$metadata"
                xmlns:atom="http://www.w3.org/2005/Atom"/>
                <atom:link rel="latest-version" href="http://ingenx:3000/sap/opu/odata/sap/ZBTP_NAUTI_MARINE_DM_CDS/$metadata"
                    xmlns:atom="http://www.w3.org/2005/Atom"/>
                </Schema>
            </edmx:DataServices>
        </edmx:Edmx>